# path	sha256
.github/workflows/core-ci.yml	d6ac55e4c08b73b94982ee6f4eac04865ebd70d597f29526496e35b1804e047e
Makefile	028073b3bd87353527436e5b8a07469819b2ed63f4a9e6ab24b66c0cc3c15db9
rustfmt.toml	0d04359abd39684e00a8b4628c853478ee69b9f3d4409e49cd1390d89685414c
scripts/check-rust.sh	f0d64796bf59d179aced135aeba2c58e9954db555665fd1c1ee90b5bdc43d4f1
scripts/lib/foundation.sh	ec601f9d96221eb4f1616b0655604fa3d3e2326680290621b0362751bc92f00a
scripts/lib/scaffold.sh	399c4810c57aa3d75701dc12d55aab18c7e619e6a4aa8667fabc404236a2a631
templates/Makefile	f7b1a09b34aa838d0523bd640bf372e80be42ad374eb6442dbf00bf89c7b8c96
templates/scaffold.manifest.tsv	5bd4b8a55e31a48badec5f80c494876cfc7de885ea78f30cd480fcff7b50bcae
tests/core_validation_contract_test.sh	6e323cb8af7138ae4ff54a827cf6a72286c7af4f39c07789cc53bead9b538809
tests/frontend_commands_generator_test.sh	a26532e7401a9a56d77842bbf4e67c05331816dc88a72a8c6807d3c3e2896a7a
tests/init_project_test.sh	15df6cd43b798dcf521bab19e7e8bda49a759ea572fdc23cab6f82f9e21e7bb2
tests/lifecycle_contract_generator_test.sh	0b5b3daa8c9282378895dff8677bdbd1ae8969690fe7e92205fa742ba73ddfff
tests/migration_seed_policy_test.sh	da25c2c41ea213526af84bb770bac42e15f7a74ecc7b2c980b6112049171aff3
tests/scaffold_manifest_test.sh	dc798f25d7186ad16ab734a14c84b1fd567bfbde16ebfd5ec625b4ca25fe4577
tests/update_project_test.sh	5b1294525a0bd570d0436342a18652afe99195b1e4a71ebb5fb7729c092ec878
tooling/foundation_ownership.tsv	c0ae2930c701508bd884ea529c7d47b1d261c5afd7cfab4662931dc2f4fecbdd
tooling/practice_controls.psv	4c4410c087910da4d90d57c7289cc59f71ed678bd4efe43cd8cda7a36ee86067
tooling/scripts/agent_change.mjs	26e4e0e051bd636fe8aa53c46b011cff8811d856d0e86ea3402ad8441d3732a2
tooling/scripts/agent_contract_check.sh	ecf39cb89272aed43c21edac5c906280376f5d2f3afc10a2e1c67e84685c3d65
tooling/scripts/app_security_profile_check.sh	075497cd5472e17856caf6e15fac8516e10b8b17846063f18e42104c94aaeb0e
tooling/scripts/atomic_lane_purity_check.go	6faf36a19616279a4859e1518f861bff40ba5884cf064eb9a2bc9dcb65134f44
tooling/scripts/atomic_lane_purity_check.sh	431d2723feed56002a371c321297ad1c125441ea2583e41b8c3cb4fb9dd56885
tooling/scripts/benchmark_evidence_check.sh	839ef784d02cad5fcdbd0e43bf3e7d9278c5bcc12099aa1608cef44a470eb5ce
tooling/scripts/benchmark_history.sh	2ab648645904d0ca66646e8964e4d7babc41f565dd2772a4d6865ca779927ff2
tooling/scripts/benchmark_ratchet_check.sh	6a84388eb2637be87001efde4d5f8c5766b384d4cd3611726baf26ba05561fb6
tooling/scripts/check_lifecycle_manifest.sh	adef74287d0900d435064055c0c6b575cebdaf056e03691b4d3db32572a62ca5
tooling/scripts/ci_delivery_metrics.mjs	323299ccfafbe2b42f4b5ffb910b0000b24ee3f1128a6235a17c4342987e1b38
tooling/scripts/coding_practices_check.sh	e3ababc038f520ec0f98b28063acdddf377145758860fd0485c49bfbd063f371
tooling/scripts/consolidate_go_tests.go	67b247c525926fa431bba6450b7e6eb6f5b5dfcfd6e65d79ee2943860661b683
tooling/scripts/contract_drift_check.sh	a6f98632a9112c82137da7b8d201bae852ebdda8e42451a3e9b301397c19c749
tooling/scripts/coverage_ratchet_check.sh	1f17078246c27e467927b8fea6959770cd0b69ab82bd59857c825942b910d7e6
tooling/scripts/database_practices_check.sh	d8a6c5e0820d698e4e62cc6c27a75b2e31251882672497663b62736b6f50d61b
tooling/scripts/directory_ownership_check.sh	01ec5c0febbbd1770617dbe25f6f4ed334a90528265bc8f12c7a26fe8f68588d
tooling/scripts/docs_reference_check.mjs	573fd812bcbd143d8c115dbba2cf01f934e484b7a372324e2f7577913ad8b1f3
tooling/scripts/domain_contract_consistency_check.sh	0140e827f736ced8175e6159023f2d576d7cb0f8b6d20936e1b3ad210071e7b5
tooling/scripts/dynamic_payload_practices_check.sh	b67fe9bcd429f590ba4a8773d9fbeae93e305836627c85c493a1603c927726be
tooling/scripts/enforcement_integrity_check.sh	736d614bc1ce262b9267622f143f30a10affdf7106526825bf83b02f2a052ba0
tooling/scripts/formal_methods_check.sh	4c65347352426911166b1cce910e4a8d674afaaf6098f3fbacbf26008bf8a463
tooling/scripts/foundation_assets_check.sh	c3edeb5d5510aaa9b82237a194a5b029306a6cff911f89aadfe9a63e7ec0a627
tooling/scripts/foundation_lint_check_runner.sh	2519307c2f26a7996f413701310aaea9189141e338dfe528a738de54ce579fd9
tooling/scripts/frontend_manifest_sync.mjs	07624d6e608319c5706c8c8f26cbe0c820ec9dc56e4c5f2b15d793b747939fdb
tooling/scripts/frontend_runtime_workbench_check.sh	76ad7d8f532f888c82262f361281e6def7a8d6f5d172a5fd4e5e870c76c9f2b5
tooling/scripts/frontend_script_runner.sh	7582e1781149d7842a5a207642bf240ef12a0feb64cddd3fc9ad668004a5317a
tooling/scripts/frontend_workbench_profile.sh	a1f3468924f44ec8702572be721312ca8d0427580868b59c9e265c64bec1ae1c
tooling/scripts/generate_frontend_commands.mjs	3a9ec45a54181726e1d690e9f18553305d818a3d2af04e7108eee7ec7650df2f
tooling/scripts/generate_frontend_prototype_runtime.mjs	8c061523171f7b897926a8b69ceb3c7b76f17048833afa5cadd69a2018e4925e
tooling/scripts/generate_lifecycle_contract_tests.mjs	4247774127a66e19e4671e6fc6f2cbe843a1084b4acd28112d7bc1131128d85e
tooling/scripts/generate_lifecycle_manifest.mjs	197832c8dd53dc9906e7b5d14bd5ec364fbdbd96c773ff2ffbf4d996868e915c
tooling/scripts/generate_runtime_contract_manifest.mjs	1a8a503b5b22574d2e95c6f95bc54f82680d677c61343eda168847de00dfe556
tooling/scripts/go_concurrency_practices_check.sh	dcf6f0357b4963f7203453b15b1f13609678df0ba842fd87e692a5710188d79c
tooling/scripts/go_fix_check.sh	d51f3000e5c54d6725776f5ddcd47e1a91c7f6ea72f34109090aa3ba598a9090
tooling/scripts/go_static_analysis_check.sh	532da0ca24795dc2ab1b8518effdea3cc13ec7f6f6949ad99ad1e96fb71f0a4d
tooling/scripts/load_research.sh	1f43fce7a6ed2bc5d3c552bc2c0e7e09ef1b730c0bb7b58cbb78869728d2e299
tooling/scripts/local_toolchain_env.sh	6ace4761e5860e9601647e04fe3d775d077178857f506efc65649808690f2a79
tooling/scripts/logging_practices_check.sh	aed88486d644cd638abeb122c4aba0eebbb66a79e879c8582afc2cc50e78f3ea
tooling/scripts/managed_patch_hygiene_check.sh	48ac22c2cce16755f652caf8a23863161f86a63324239d8fc6994566ceeaf010
tooling/scripts/manifest_tool.sh	39e9e25e4532b722d65fcadbdf7e609060388c72773064d1f941c905b2435ba5
tooling/scripts/markdown_frontmatter_check.mjs	536605be95b6fecb4a66648544bdec57787c88955a9483073f8d6969eb76ed70
tooling/scripts/metadata_practices_check.sh	7f4dcb843e4daa25e5ee19a905062c62baa6afea8cd74ab63d2bca4dab3ecdf3
tooling/scripts/migration_structure_check.sh	fdcf74dac837170f2e6e8c207e417f93c974d0282025956733a4fb66b0fccf70
tooling/scripts/native_benchmark.sh	22b324d186de2355a0a3e163c011098be86f6ef91c46ec6349603d4224244ed8
tooling/scripts/operational_excellence_check.sh	6eb5a3df76813da0946e9695c4b13712dc907d62c711efbc93de8b4a4cceb6fa
tooling/scripts/package_license_check.mjs	ba21012e094db4917283d16cc7b339cc45e16f9ea03f3cfc8b056bce195d7c35
tooling/scripts/performance_check.sh	d0d9914571240bcd16b85535a59c70d476d4c6839eb209ba309c80e5817173b1
tooling/scripts/platform_boundary_debt_check.sh	7ff06fdb83aa6f15fa0401c338b2f53a3a452fb6e075a86e9bdd268095ca6e4f
tooling/scripts/practice_controls_check.sh	9a690298a179b8865da63a2e8db66b39041ae5c78263db4caa01646dc0bffa81
tooling/scripts/project_scaffold_check.sh	19491101759cc864050c5e8066202574baf6b7905af47dc1f380b1ee934554b8
tooling/scripts/redis_practices_check.sh	b49c1c6a705cca2d1d5e53fc58bfcc215a4b5aa93c0357de4a2e2967ee19db57
tooling/scripts/river_practices_check.sh	f122582d7f3e1d1e550af30714e126fba4fc180ffb12f8b5f6db23dcf67422b6
tooling/scripts/run_vitest.sh	c977c36b1fbf22cb0a1a6c910d18aaf35c56433b4986993ed60c5d7cde8b6993
tooling/scripts/runtime_contract_field_drift_check.mjs	9fd12ab2af16c836dc758019233a1e4b22d8953c077e096377fae5c55af25cfb
tooling/scripts/runtime_performance_contract_check.sh	a000a6884eb0a152a9ce416957f584ebc5e5854faabbd20232682800f08438f8
tooling/scripts/rust_runtime_practices_check.sh	3f736e9f021aadfef44eb4d54b35cc0e5ea426bc596c069d2931f3b26519e9a1
tooling/scripts/rust_static_analysis_check.sh	5ae30446a06d177b2cdf197d4097406e74c82184d053ad1183cc5809ff51adc9
tooling/scripts/scaffold_managed_patches.sh	241f29059ea49119ffd3f375f3423180112d676d4dab754b110fbf157a6127c3
tooling/scripts/scaffolded_catalogue_runner.sh	9922c19fc7a73fd55cb1e3b5ac89d1e1c7deedf167c518cfb7168fc3716d021a
tooling/scripts/server_kit_module_contract_check.sh	7f1ea6f963af450738865c330f039213cba98d6ba051a97dda07af8b63500d82
tooling/scripts/server_kit_module_parity_check.sh	46b11e9a91bc72fec84ead386701c857fe1df2732513dd48b70d7f78188665f6
tooling/scripts/server_kit_usage_check.sh	c63e63f3974f32836a47e35320d7555e79df3db62412cb0e7132b48bbbc22d06
tooling/scripts/spec_conformance_check.sh	20758df9fe11fef9a385e0768b787452f148db666cb6b90177d55118e4dc462d
tooling/scripts/sql_prepare_check.sh	cdbd3ad7b5caacbabfd214a5e60e953983a739963ae40283ebd1e0577862d6f8
tooling/scripts/testing_practices_check.sh	f32ff6e7c1948e9789d4181cefb124a50e166e369ed9ba16e2587438aa841142
tooling/scripts/transport_ladder_check.go	a6c0634582d513c47001fd9df80553540c987708eb9713327f2a1156a6f8d985
tooling/scripts/transport_ladder_check.sh	600470af309931b1db48a898da9624c27cb0358f20de071407bdfbcff0b990c5
tooling/scripts/ts_static_analysis_check.sh	44ccc794795183c9ec5c3766285b634f156ef4af739fe5bba6d033af3cd817a0
tooling/scripts/version_consistency_check.sh	f4c896190040a7f7b7bd512f5f6dea9f7a413ad2f20f2b8090dda3d1269687da
tooling/scripts/wasm_manifest.mjs	e110486d038a38721b03e4ba53b0da992e7db1b13c31bbe4b89ad736b1f7ff2c
